keyword,cluster
metabolism,2
chemistry,2
genetics,2
scanning_electron_microscopy,1
rat,2
mexico_[north_america],1
mouse,2
physiology,2
protein_expression,2
wistar_rat,2
pathology,2
"rats,_wistar",2
glucose,2
synthesis,1
prevalence,2
molecule,1
gene_expression,2
ph,1
density_functional_theory,1
enzyme_activity,2
plant_extract,2
body_mass,2
cell_culture,2
fourier_transform_infrared_spectroscopy,1
high_performance_liquid_chromatography,2
mexico_city,2
x_ray_diffraction,1
cell_viability,2
isolation_and_purification,2
real_time_polymerase_chain_reaction,2
particle_size,1
concentration,2
blood,2
atom,1
risk_factor,2
immunohistochemistry,2
kinetics,1
numerical_method,1
water,1
western_blotting,2
obesity,2
molecular_dynamic,1
microbiology,2
starch,1
chlorine_compound,1
veterinary_medicine,2
signal_transduction,2
protein,2
molecular_docking,2
antioxidant,2
enzyme_linked_immunosorbent_assay,2
ion,1
pathophysiology,2
bacterium_culture,2
tumor_necrosis_factor,2
hydrogen_bond,1
in_vivo_study,2
triacylglycerol,2
nuclear_magnetic_resonance_spectroscopy,2
morphology,1
time_series_analysis,1
cell_proliferation,2
gene,2
carbon,1
crystal_structure,1
physicochemical_property,1
catalyst_activity,1
"growth,_development_and_aging",2
nanoparticles,1
human_experiment,2
oxidative_stress,2
bacterial_strain,2
messenger_rna,2
preschool_child,2
escherichia_coli,2
bacteria,1
dose_response,2
cholesterol,2
complication,2
titanium_dioxide,1
fermentation,1
heart_rate,2
cell,1
infrared_spectroscopy,1
inflammation,2
biodegradation,1
chemical_structure,1
soil,1
hydrodynamics,1
polymer,1
biomass,1
sex_difference,2
histology,2
quantum_chemistry,1
disease_severity,2
adsorption,1
chemical_analysis,1
wastewater_treatment,1
temperature,1
pregnancy,2
newborn,2
clinical_feature,2
me_xico,1
nitrate,1
efficiency,1
catalyst,1
precipitation,1
bovine,2
ground_state,1
surface_property,1
ecosystem,2
immunology,2
plant_leaf,2
sensitivity_and_specificity,2
histopathology,2
crystallinity,1
energy_transfer,1
degradation,1
theoretical_study,1
substrate,1
oxide_mineral,1
detection_method,1
mortality,2
data_analysis_software,2
chemical_composition,1
body_weight,2
simulation,1
federal_district_[mexico],1
incidence,2
fruit,1
glutathione,2
risk_assessment,2
cohort_analysis,2
nonlinear_equation,1
cytotoxicity,2
algorithm,2
bioreactors,1
time_series,1
entropy,1
polymerase_chain_reaction,2
mtt_assay,2
down_regulation,2
single_crystal,1
gene_expression_regulation,2
follow_up,2
x_ray_photoelectron_spectroscopy,1
charge_transfer,1
enzyme,1
cattle,2
"cells,_cultured",2
oxidation,1
hydrogen,1
iron,1
copper,1
ammonia,1
animal_welfare,2
seasonal_variation,2
energy_gap,1
rna,2
real_time_reverse_transcription_polymerase_chain_reaction,2
questionnaire,2
crystallization,1
silicon,1
drug_synthesis,2
nickel_compound,1
aromatic_compound,1
diffusion,1
mathematical_model,2
tumor_cell_line,2
molecular_structure,1
"cell_line,_tumor",2
glass,1
stochastic_system,1
numerical_model,1
metabolite,2
quantitative_analysis,2
immunofluorescence,2
chromium_compound,1
energy,1
cobalt_compound,1
electrochemical_impedance_spectroscopy,1
binding_energy,1
oaxaca,1
synthesised,1
electronic_structure,1
"child,_preschool",2
thermodynamics,1
nitrogen,1
carbon_dioxide,1
biosynthesis,2
bacterial_growth,2
drug_screening,2
epidemiology,2
binary_alloy,1
cytokine,2
wave_function,1
triacylglycerol_blood_level,2
non_insulin_dependent_diabetes_mellitus,2
glucose_blood_level,2
biological_marker,2
age,2
electrode,1
case_report,2
molecular_docking_simulation,2
insulin,2
methane,1
effluent,1
bioreactor,1
genetic_variability,2
upregulation,2
probability,1
amino_acid,1
"dose_response_relationship,_drug",2
"disease_models,_animal",2
disease_model,2
animal_behavior,2
electron,1
spectrophotometry,2
genotype,2
disease_association,2
urea,1
drug_formulation,1
photocatalytic_activity,1
organometallics,1
dna,2
zinc,1
aluminum_alloy,1
sodium_chloride,2
prediction,2
powder,1
silica,1
analytic_method,2
soliton,1
solvent,1
cadmium,2
fluorescence,1
calcium,2
magnetic_field,1
pig,2
gelation,1
population_statistic,1
thermogravimetric_analysis,1
irradiation,1
adverse_event,2
pore_size,1
agricultural_robot,1
toxicity_testing,2
antiinflammatory_activity,2
infrared_device,1
maize,1
bioremediation,1
quantum_theory,1
liquid,1
physical_activity,2
dye,1
creatinine,2
spectroscopy,1
hippocampus,2
brain,2
demography,2
fish,1
methanol,1
limit_of_detection,2
optical_property,1
united_state,2
principal_component_analysis,2
microrna,2
socioeconomics,1
chemical_oxygen_demand,1
biotransformation,2
cell_survival,2
antineoplastic_agent,2
spatiotemporal_analysis,2
copper_compound,1
gene_overexpression,2
observational_study,2
biomarkers,2
age_distribution,2
software,2
hypertension,2
diabetes_mellitus,2
sewage,1
flow_cytometry,2
phylogeny,2
cytology,2
cell_differentiation,2
lactic_acid,1
bacterium,2
antiinfective_agent,2
single_nucleotide_polymorphism,2
gene_frequency,2
depression,2
prospective_study,2
body_mass_index,2
optical_soliton,1
porous_material,1
oxidation_reduction_reaction,2
structure_activity_relation,2
inoculation,1
acetic_acid,1
refractive_index,1
aluminum_oxide,1
alumina,1
dispersion,1
very_elderly,2
computer_simulation,1
alanine_aminotransferase,2
season,2
blood_sampling,2
batch_cell_culture,1
"water_pollutants,_chemical",1
water_pollutant,1
environmental_factor,1
stochastic_model,1
geometry,1
adsorption_isotherm,1
equation_of_motion,1
reynolds_number,1
thermoanalysis,1
particle_size_analysis,1
alcohol,2
heavy_metal,1
light,1
citrus_fruit,1
measurement_accuracy,2
milk_production,2
sprague_dawley_rat,2
"rats,_sprague_dawley",2
helium,1
protein_phosphorylation,2
climate_change,1
protein_synthesis,2
enthalpy,1
biofilm,2
proton_nuclear_magnetic_resonance,2
carbon_nuclear_magnetic_resonance,2
microorganism,1
biofilms,1
biochemistry,2
oxygen,2
]+_catalyst,1
scaffold,1
agriculture,1
phytochemistry,2
survival,2
antiinflammatory_agent,2
organic_solvent,1
molar_ratio,1
luminescence,1
additive,1
"microscopy,_electron,_scanning",1
sulfur_compound,1
biodiversity,1
rna_extraction,2
differential_scanning_calorimetry,1
crystal,1
lithium_compound,1
diagnostic_imaging,2
electrochemical_corrosion,1
corrosion_inhibitor,1
nanoparticle,1
micrornas,2
virology,2
pathogenicity,2
oocyte,2
enzyme_inhibition,2
ethanol,1
poly,1
biomass_production,1
bioaccumulation,1
exercise,2
body_weight_gain,2
"mice,_inbred_balb_c",2
bagg_albino_mouse,2
child_health,2
electrodeposition,1
condition,1
adsorption_capacity,1
nutritional_status,2
glutathione_disulfide,2
viscosity,1
velocity,1
single_drug_dose,2
binding_site,2
acute_toxicity,2
disease,2
biology,2
reaction_kinetics,1
dynamical_system,1
reverse_transcription_polymerase_chain_reaction,2
mrna_expression_level,2
apoptosis,2
liquid_crystal,1
molecular_model,2
"models,_molecular",2
anti_bacterial_agent,2
genomic_dna,2
genetic_variation,2
genetic_association,2
dna_extraction,2
statistical_model,2
ii_vi_semiconductor,1
hydrogen_production,1
metformin,2
grip_strength,2
orbitals,1
cattle_disease,2
adomian_decomposition,1
pilot_study,2
drug_potency,2
protein_kinase_b,2
comorbidity,2
nerve_cell,2
porous_medium,1
kinetic_energy,1
oxidation_reduction,2
microbial_community,1
structure_activity_relationship,2
molecular_dynamic_simulation,1
fracture,2
chromium_metallography,1
measurement_precision,2
blood_pressure,2
mass_spectrometry,2
excited_state,1
hydrophobicity,1
aspartate_aminotransferase,2
mesoporous_material,1
coprecipitation_method,1
crystal_atomic_structure,1
long_term_exposure,2
staphylococcus_aureus,2
limit_of_quantitation,2
epithelium_cell,2
electric_field,1
membrane,1
bismuth_compound,1
manganese,1
descriptive_research,2
harmonic_analysis,1
meat,2
bioactive_compound,1
complexation,1
quercetin,2
positive_ion,1
nanocrystalline_material,1
smoothed_particle_hydrodynamics,1
"rna,_messenger",2
leaching,1
calculation,1
phenol,1
hydrogen_peroxide,2
sex_ratio,2
educational_status,2
ameloblastoma,2
longitudinal_study,2
cholesterol_blood_level,2
oxygen_consumption,2
pain,2
cisplatin,2
validation_process,2
correlation_coefficient,1
swine,2
dairy_cattle,2
light_absorption,1
prognosis,2
testosterone,2
moisture,1
land_cover,1
performance,1
catalysis,1
x_ray_powder_diffraction,1
reactive_oxygen_metabolite,2
cell_membrane,2
survey_and_questionnaire,2
feeding_behavior,2
thermogravimetry,1
cellulose,1
energy_dispersive_x_ray_spectroscopy,1
absorption,1
laplace_transforms,1
graphic_method,1
graph_theory,1
spectras,1
polycyclic_aromatic_hydrocarbon,2
growth_rate,2
amino_acid_sequence,2
porosity,1
electrospinning,1
cell_adhesion,2
nucleotide_sequence,2
titanium,1
extraction,1
macrophage,2
antiproliferative_activity,2
predictive_value,2
deterioration,2
polarization,1
specie_richness,1
pandemic,2
mortality_rate,2
"infant,_newborn",2
education,2
phytochemical,2
indometacin,2
ester,1
carrageenan,2
impedance_spectroscopy,1
"biodegradation,_environmental",1
population_density,1
evolutionary_algorithm,1
bacterial_gene,2
antibiotic_resistance,2
ampicillin,2
neuralgia,2
antinociception,2
nitric_oxide,2
drug_mechanism,2
hydroxyapatite,2
food_supply,1
normal_human,2
monotherapy,2
immunoreactivity,2
eutectic,1
deep_eutectic_solvent,1
molecular_weight,1
uncertainty_analysis,1
aqueous_solution,1
pentobarbital,2
nuclear_magnetic_resonance_imaging,2
mesencephalon,2
oocyte_maturation,2
earthquake,1
nanocomposites,1
high_resolution_transmission_electron_microscopy,1
emission_spectroscopy,1
fractal,1
violence,2
spermatozoon,2
epididymis,2
color,1
productivity,1
carbohydrate,2
bacterium_identification,2
novel_object_recognition_test,2
memory,2
optimization,1
reduction,1
nucleation,1
copper_alloy,1
biodiesel,1
gamma_interferon,2
extracellular_matrix,2
property,1
mitochondrion,2
brain_cortex,2
albumin,2
vertebrata,1
metronidazole,2
binding_affinity,2
computer_model,2
computational_biology,2
clinical_trial,2
alzheimer_disease,2
gene_sequence,2
cell_death,2
stiffness,1
seismic_design,1
reinforced_concrete,1
dynamic_response,1
polymerization,1
free_energy,1
confocal_microscopy,2
promoter_region,2
gene_expression_profiling,2
microbial_sensitivity_test,2
hydrogen_ion_concentration,1
enzymology,1
anti_bacterial_activity,1
drug_structure,1
column_chromatography,2
photon,1
nonlinear_optic,1
protein_function,2
genetic_susceptibility,2
pregnant_woman,2
zinc_oxide,1
holstein_cattle,2
protein_protein_interaction,2
microstructure,1
toxicity,2
hydraulic_retention_time,1
mineral,1
pah,1
hemodynamics,2
innate_immunity,2
rural_area,1
coronavirus,1
surface_reaction,1
nickel_metallography,1
electrophysiology,1
electroencephalogram,2
memory_disorder,2
nutrition,2
conformation,1
navier_stokes_equation,1
volatile_fatty_acid,1
sampling,2
ion_exchange,1
indazole_derivative,2
seizure,2
biomolecules,2
follitropin,2
experimental_study,1
antihypertensive_agent,2
ultraviolet_spectrophotometry,2
mean_dissolution_time,1
neural_network,1
analgesic_agent,2
analgesic,2
nanocrystals,1
metal_organic_framework,1
metal,1
error_measure,1
pacific_ocean,1
amine,1
microbial_diversity,2
amyloid_beta_protein,2
drug_stability,2
gas_adsorption,1
spatial_analysis,1
plant,1
glutamic_acid,2
germination,1
cactus,1
gas_chromatography,1
cancer_growth,2
oxygen_saturation,2
breathing_rate,2
thin_layer_chromatography,2
fungus_growth,2
fourier_transform_infra_red,1
forecasting,1
transmission_electron_microscopy,2
energy_dissipation,1
reaction_mechanism,1
dissolution,1
microbial_activity,1
protein_tyrosine_kinase,2
memory_consolidation,2
long_term_memory,2
timing_circuit,1
simple++,1
density_functionals,1
nitrification,2
bioconversion,2
azo_dye,1
genetic_risk,2
food_intake,2
europium,1
gel,1
drug_blood_level,2
electrocardiogram,2
bioassay,2
peptide,1
immunoglobulin_g,2
immunoglobulin_blood_level,2
thermo_dynamic_analysis,1
drug_design,1
sediment,1
plastic_bottle,1
gulf_of_mexico,1
atlantic_ocean,1
fisher_information_matrix,1
fisher_information,1
markov_chain,1
open_circuit_potential,1
non_invasive_procedure,2
ammonium_derivative,1
ammonium_compound,1
urban_area,1
cell_structure,2
alcohol_consumption,2
tetracycline,2
pathogenesis,2
microflora,2
epithelial_cell,2
pollutant_removal,1
isotherm,1
water_contamination,1
nitrite,1
health_hazard,1
alkalinity,1
linear_control_system,1
two_phase_flow,1
coordination_compound,1
zinc_alloy,1
molecular_scaffold,2
actinobacteria,2
stoichiometry,1
fertilizer,1
biotechnology,1
anti_microbial_activity,1
oil_and_fat,1
emulsification,1
drop,1
dairy,1
thermodynamic_property,1
temperature_range,1
secondary_structure,1
skin,2
mouth,2
antioxidant_activity,1
genetic_analysis,2
follow_up_study,2
dental_caries,2
molecular_simulation,1
phase_separation,1
brownian_dynamic_simulation,1
dynamic,1
titanium_compound,1
waste_water_management,1
batch_reactor,1
perciform,1
crystalline_structure,1
many_electron_atom,1
hartree_fock_equation,1
electrochemical_technique,1
electrochemical_analysis,1
iron_metallography,1
sodium_compound,1
boundary_value_problem,1
static_electricity,1
zirconia,1
pain_measurement,2
oligosaccharide,1
fucose,2
socioeconomic_factor,2
injury,2
death,2
immune_system,2
hopf_bifurcation,1
vascular_resistance,2
odontogenic_tumor,2
student,1
tailing,2
cobalt,1
annealing,1
supramolecular_chemistry,1
sulfur,1
potassium,1
outcome_assessment,2
hispanic,2
body_composition,2
membrane_protein,2
clinical_assessment,2
solubility,1
protein_structure,1
protein_secondary_structure,2
digestion,1
embryo_development,2
dna_damage,2
cumulus_cell,2
plasma,2
physiological_response,2
dichloromethane,2
oscillator,1
differential_equation,1
brownian_movement,1
animal_husbandry,2
human_immunodeficiency_virus_infection,1
geographic_distribution,1
brazil,1
heart,2
plant_stem,2
haplotype,2
drug_efficacy,2
clinical_effectiveness,2
anthropogenic_effect,1
trend_study,2
population_distribution,1
endemic_specie,1
sequence_analysis,2
ribosome,2
slaughterhouse,2
contusion,2
winter,2
diet,2
shannon_entropy,1
ground_state_energy,1
thulium_compound,1
phosphorylation,2
aging,2
"spectroscopy,_fourier_transform_infrared",1
gelatin,2
desorption,1
support_vector_machine,2
chiroptera,1
bat,1
pseudomonas_aeruginosa,2
colony_forming_unit,2
bacterial_protein,2
watershed,1
vegetation,1
catalyst_support,1
%_reduction,1
biocompatibility,1
scatter_factor_receptor,2
public_health,2
informed_consent,2
nickel,1
earthquake_damage,1
glycerol,1
photoluminescence,1
oxide,1
magnesium,1
emission_spectrum,1
oral_glucose_tolerance_test,2
adipocyte,2
graph_g,1
eigenvalue_and_eigenfunctions,1
chitosan,1
river,1
growth,2
carbon_source,2
active_site,1
activation_energy,1
tissue,2
polypyrroles,1
plasma_polymerization,1
aspergillus,1
surgical_technique,2
polyethylene,1
yeast,2
propionic_acid,1
video_game,2
chloroform,1
interpolation,1
optical_fiber,1
nonlinear_fiber_optics,1
specie_diversity,1
vaccination,2
uncertainty,2
sustainable_development,1
all_cause_mortality,2
africa_south_of_the_sahara,2
family,2
tpa_induced_ear_edema,2
immunoglobulin_enhancer_binding_protein,2
fractionation,2
edema,2
carrageenan_induced_paw_edema,2
anti_inflammatory_agent,2
luminescent_property,1
europium_compound,1
antenna,1
nutrient,1
guatemala,1
ecology,1
crop,1
multiobjective_optimization,1
correlation,1
culture_medium,2
bacteriology,1
virulence_factor,2
virulence,2
bacterial_virulence,2
antibiotic_sensitivity,2
"physical_conditioning,_animal",2
neuropathic_pain,2
hyperalgesia,2
physiological_stress,2
biological_model,2
colombia,1
cluster_analysis,1
rna_isolation,2
protein_blood_level,2
peripheral_blood_mononuclear_cell,2
liver_tissue,2
liver_cell,2
creatinine_blood_level,2
combination_drug_therapy,2
ethylene,1
in_vitro,1
gravity,1
electrochemical_electrode,1
insula,2
image_processing,2
hypothalamus,2
electroencephalography,2
corpus_striatum,2
pipe_inclination,1
steel_corrosion,1
polarization_curve,1
physisorption,1
chemical_bond,1
mental_health,2
hematoxylin,2
corticosterone,2
livelihood,1
superoxide_dismutase,2
high_density_lipoprotein,2
catalase,2
public_policy,2
livestock,2
agricultural_worker,2
decision_making,1
tumor_necrosis_factor_alpha,2
liver,2
angiotensin_ii,2
enzymatic_hydrolysis,1
sars_coronavirus,1
tissue_distribution,2
testis,2
pesticide,2
in_vitro_fertilization,2
fertilization,2
spain,1
polyester,1
organic_carbon,1
bacterium_isolation,2
bacterium_isolate,2
spatial_memory,2
perinatal_period,2
morris_water_maze_test,2
latent_period,2
lactation,2
traditional_medicine,2
city,2
protein_expression_level,2
lymphocyte,2
gelatinase_b,2
gelatinase_a,2
collagen,2
mouth_mucosa,2
mouth_disease,2
gender,2
crystal_orientation,1
diclofenac,1
reproduction,2
multicenter_study,2
hemoglobin,2
health_disparity,2
global_health,2
economics,1
developing_country,2
oxidation_reduction_state,2
superficial_liquid_velocity,1
shear_flow,1
pressure_gradient,1
flow_pattern,1
flow_of_gas,1
remission,2
proportional_hazard_model,2
electromyography,2
electronic_property,1
trichomonas_vaginalis,2
spectrofluorometry,2
protein_binding,2
parasitology,2
clinical_evaluation,2
chemical_interaction,1
ruxolitinib,2
protein_analysis,2
lung_embolism,2
heparin,2
gene_identification,2
database,1
performance_assessment,1
topology,1
small_interfering_rna,2
rna_purification,2
microarray_analysis,2
genetic_transfection,2
bioinformatics,2
structural_response,1
seismic_response,1
aspect_ratio,1
trajectory,1
"polymorphism,_single_nucleotide",2
cell_line,2
lactic_acid_bacteria,1
salvia,2
"behavior,_animal",2
antidepressive_agent,2
antidepressant_agent,2
antidepressant_activity,2
aerial_plant_part,2
trans_mexican_volcanic_belt,1
trace_element,2
spring,1
silicate,1
electrical_conductivity,1
quantum_system,1
phonons,1
uric_acid,2
parkinson_disease,2
mestizo,2
gene_amplification,2
pregnancy_complication,2
photocatalytic_hydrogen_production,1
heterojunctions,1
grain,1
logistic_regression,2
dynamic_simulation,1
machine_learning,2
physic,1
information_theory,1
operating_condition,1
texture,1
hysteresis,1
mammalia,1
degree_of_freedom,1
kinetic_theory,1
location,1
power,1
light_intensity,1
nonlinear_analysis,1
commerce,1
