k,cluster,keyword,similitud_centro,tamano_cluster
19,1,sol__gel_method,0.9316244883917124,43
19,1,sol_gel_process,0.9277661471869396,43
19,1,titanium,0.9190306690997707,43
19,1,photodegradation,0.8990172018118731,43
19,1,light,0.8938602203292849,43
19,1,cross_coupling_reaction,0.8846751292322412,43
19,1,x__ray_diffraction,0.8722937878082562,43
19,1,x_ray_photoelectron_spectroscopy,0.8420463081637481,43
19,1,titanium_dioxide,0.8410230989917811,43
19,1,heterojunctions,0.8406219275939151,43
19,1,oxygen_vacancy,0.8384299417655198,43
19,1,nanocomposites,0.8260098872633577,43
19,1,pore_size,0.8196833757182675,43
19,1,photoluminescence,0.8033891286673992,43
19,1,electrochemical_impedance_spectroscopy,0.7984440327189793,43
19,2,thermography,0.862702292886298,42
19,2,birth_weight,0.8504071075563138,42
19,2,animal_welfare,0.8445359846198834,42
19,2,water_buffalo,0.8298052017565674,42
19,2,thermoregulation,0.8122346948077543,42
19,2,body_temperature,0.8102119558781031,42
19,2,hypothalamus,0.8028609917964139,42
19,2,ketamine,0.798398886918108,42
19,2,buffalo,0.7936926483397126,42
19,2,autonomic_nervous_system,0.7800903547670175,42
19,2,gestational_age,0.7687955200618686,42
19,2,breathing_rate,0.7638825857013212,42
19,2,xylazine,0.7547008016349253,42
19,2,preeclampsia,0.7499172461640836,42
19,2,pre_eclampsia,0.7462510389279138,42
19,3,spermatozoon_motility,0.9058862403293313,36
19,3,epididymis,0.8703018296133231,36
19,3,semen,0.8685843050105422,36
19,3,spermatozoon,0.8682447378773582,36
19,3,sperm,0.8672833790933365,36
19,3,embryo,0.8668129013283558,36
19,3,fertility,0.8324314919904847,36
19,3,oocyte,0.8292896736574824,36
19,3,reproduction,0.826602785480901,36
19,3,estrus_cycle,0.8251525241085647,36
19,3,testosterone,0.8188018675888663,36
19,3,protein_carbonylation,0.8099720337971117,36
19,3,mtt_assay,0.7911051570069074,36
19,3,chiroptera,0.7817395943413247,36
19,3,progesterone,0.7570632937222861,36
19,4,nitrite,0.8864506929486501,29
19,4,nitrate,0.8431992307658916,29
19,4,diet,0.8087743872188191,29
19,4,fern,0.8057411299042354,29
19,4,bioremediation,0.7765486716684917,29
19,4,stearic_acid,0.7553089045740035,29
19,4,sodium_chloride,0.7516003311876456,29
19,4,nitrification,0.7433937071601472,29
19,4,palmitic_acid,0.7411500515803768,29
19,4,microalgae,0.728552276553923,29
19,4,micro_algae,0.7277954106637291,29
19,4,seasonal_variation,0.7234372727530413,29
19,4,microorganism,0.712561324634291,29
19,4,steady_state,0.706319776929569,29
19,4,ammonia,0.7062500171963786,29
19,5,smoothed_particle_hydrodynamics,0.9142414208786271,49
19,5,nonlinear_equation,0.9108134085906746,49
19,5,porous_material,0.8937195831747075,49
19,5,porous_medium,0.891313089929626,49
19,5,tensor,0.8790957401313673,49
19,5,flow_in_porous_medium,0.8346541490033826,49
19,5,homogeneous_porous_medium,0.8333831238228405,49
19,5,impeller,0.8182134402791521,49
19,5,real_world,0.8173071942278249,49
19,5,packed_bed,0.7984308923839095,49
19,5,stochastic_system,0.7950561323786689,49
19,5,drop,0.7899587147597147,49
19,5,computational_fluid_dynamic,0.7878963850098204,49
19,5,stochastics,0.7872660621454262,49
19,5,mass_transfer,0.7855721887303911,49
19,6,chemical_structure,0.9200426604007711,53
19,6,structure_activity_relation,0.8597513467759634,53
19,6,mass_spectrometry,0.8475757893469336,53
19,6,proton_nuclear_magnetic_resonance,0.8466889632404303,53
19,6,hydrogen_bond,0.8434185499586349,53
19,6,molecular_dynamic_simulation,0.8414367853820186,53
19,6,thin_layer_chromatography,0.837538663132098,53
19,6,column_chromatography,0.8372382938936183,53
19,6,drug_structure,0.8153295373777363,53
19,6,heteronuclear_multiple_bond_correlation,0.8068360742551374,53
19,6,molecular_structure,0.7980279366685364,53
19,6,carbon_nuclear_magnetic_resonance,0.7904077277292672,53
19,6,binding_site,0.783916361789427,53
19,6,spectroscopy,0.7817056343917343,53
19,6,lipid_composition,0.7771949795064521,53
19,7,organometallics,0.9510094321556313,33
19,7,metal_organic_framework,0.9417723515313048,33
19,7,metalorganic_framework,0.9332558376938775,33
19,7,]+_catalyst,0.9085363748018708,33
19,7,chemical_interaction,0.8946030836577712,33
19,7,metal_site,0.8891848695440371,33
19,7,greenhouse_gas,0.8827450290389851,33
19,7,phase_interface,0.8308704870367967,33
19,7,crystalline_structure,0.8295206142739052,33
19,7,heterogeneous_catalyst,0.8057199288423857,33
19,7,chemical_stability,0.7999689824648322,33
19,7,bismuth_compound,0.7812316065431972,33
19,7,quantum_theory,0.7699025040852403,33
19,7,oxidative_dehydrogenation_of_ethane,0.7652384603580245,33
19,7,dehydrogenation,0.7590988247651593,33
19,8,antimicrobial_activity,0.872194835807484,41
19,8,microbial_sensitivity_test,0.8578519454312663,41
19,8,antibiotic_sensitivity,0.8512465102854724,41
19,8,minimum_inhibitory_concentration,0.8506826184925815,41
19,8,area_under_the_curve,0.8427586092689004,41
19,8,metronidazole,0.8318538121420016,41
19,8,maximum_concentration,0.8266731205677227,41
19,8,staphylococcus_aureus,0.8250341770069104,41
19,8,anti_bacterial_agent,0.8002474911248952,41
19,8,bacterial_virulence,0.7995149140781115,41
19,8,bacterial_strain,0.7969034138554498,41
19,8,bacterium_identification,0.7951987562960536,41
19,8,virulence_factor,0.7939202474734799,41
19,8,drug_solubility,0.789921879294537,41
19,8,bacterial_growth,0.7835983263408083,41
19,9,seismology,0.9258385066729826,18
19,9,seismic_design,0.9190957067423797,18
19,9,reinforced_concrete,0.9164127003417293,18
19,9,stiffness,0.9149784577116882,18
19,9,seismic_response,0.8927616143212389,18
19,9,structural_analysis,0.8878982985864267,18
19,9,exposed_to,0.8426763533618452,18
19,9,hysteresis,0.8127209734700909,18
19,9,optical_tweezer,0.7383582072998238,18
19,9,dye,0.7061394934971099,18
19,9,perovskite,0.6974325263699428,18
19,9,clay_mineral,0.6935689539516223,18
19,9,bentonite,0.6917263683841206,18
19,9,monte_carlo_method,0.6744792172641152,18
19,9,irradiation,0.5979884961330105,18
19,10,tumor_suppressor_gene,0.9385661704130135,51
19,10,tumor_cell_line,0.88389642751813,51
19,10,transcriptome,0.874960828472888,51
19,10,cancer_prognosis,0.8718946032525962,51
19,10,micrornas,0.8581476212028599,51
19,10,microrna,0.8555820143466213,51
19,10,gene_ontology,0.8514826323275204,51
19,10,"cell_line,_tumor",0.8430188283216522,51
19,10,cell_cycle,0.8413151175866451,51
19,10,differential_gene_expression,0.8291170836544125,51
19,10,overall_survival,0.8201316211675247,51
19,10,cell_migration,0.8171743774656548,51
19,10,protein_protein_interaction,0.8103380019419586,51
19,10,vasculotropin,0.8071648508211569,51
19,10,microarray_analysis,0.8046153640528464,51
19,11,anxiety_disorder,0.940681654151766,39
19,11,student,0.9311474641702678,39
19,11,university_student,0.9279315227383633,39
19,11,internet,0.9225092214468475,39
19,11,anxiety,0.9168351536992282,39
19,11,educational_status,0.912946542659965,39
19,11,demographic,0.8518998296482556,39
19,11,prospective_study,0.8488856697123368,39
19,11,randomized_controlled_trial,0.8453037890229129,39
19,11,psychology,0.8395397959023779,39
19,11,cognitive_behavioral_therapy,0.8260879620827357,39
19,11,education,0.8247473359457983,39
19,11,colombia,0.8150090831702475,39
19,11,questionnaire,0.8006321140169664,39
19,11,rural_population,0.7969597536295685,39
19,12,genetic_polymorphism,0.9465609849846156,28
19,12,genotyping,0.9308048946108856,28
19,12,allele,0.9252159725666611,28
19,12,genetic_susceptibility,0.9249366970063159,28
19,12,single_nucleotide_polymorphism,0.9221570261207839,28
19,12,gene_linkage_disequilibrium,0.9160601514544908,28
19,12,gene_frequency,0.9101441704997558,28
19,12,gene_interaction,0.8987320967926464,28
19,12,genome_wide_association_study,0.8984410187105516,28
19,12,mental_disease,0.8963119915038273,28
19,12,haplotype,0.8912641888453419,28
19,12,genetic_analysis,0.878765873987718,28
19,12,genotype,0.8625916221616328,28
19,12,genetic_variation,0.8477464367972047,28
19,12,genetic_association,0.8427970737314987,28
19,13,bagg_albino_mouse,0.8649100877938112,37
19,13,gamma_interferon,0.8221332134480008,37
19,13,"rna,_messenger",0.7936298657465737,37
19,13,transforming_growth_factor_beta,0.7674134275766451,37
19,13,tumor_necrosis_factor,0.7647867269473738,37
19,13,real_time_reverse_transcription_polymerase_chain_reaction,0.7570267475254293,37
19,13,nervous_system_inflammation,0.7526634162700951,37
19,13,reverse_transcription_polymerase_chain_reaction,0.7499541453226091,37
19,13,gelatinase_b,0.744054269064689,37
19,13,mrna_expression_level,0.7368204279518391,37
19,13,peripheral_blood_mononuclear_cell,0.7331930969498374,37
19,13,cytokine,0.7253991099461432,37
19,13,protein_blood_level,0.7171763740992952,37
19,13,messenger_rna,0.6872895278516046,37
19,13,spectrophotometry,0.6872784352722628,37
19,14,superoxide_dismutase,0.7516297830194552,33
19,14,secondary_metabolite,0.7502957916335031,33
19,14,solid_state_fermentation,0.7370997313412895,33
19,14,lipid_peroxidation,0.7300727557834898,33
19,14,liquid_chromatography_mass_spectrometry,0.7085766573210828,33
19,14,leaching,0.673118499954561,33
19,14,bradford_assay,0.6715497326979399,33
19,14,oxidative_stress,0.671147804870828,33
19,14,zinc,0.6587285212024997,33
19,14,bacterial_spore,0.6526329022952847,33
19,14,cell_death,0.6505772362729185,33
19,14,toxicity,0.6489448551794867,33
19,14,fasting_blood_glucose_level,0.6415918606769739,33
19,14,biosynthesis,0.6364524326493295,33
19,14,antioxidant,0.6254947226697167,33
19,15,hemoglobin,0.8401125599098224,40
19,15,hypertension,0.8224994083790905,40
19,15,hydroxymethylglutaryl_coenzyme_a_reductase_inhibitor,0.8208204990191748,40
19,15,triacylglycerol,0.8091004736174935,40
19,15,triacylglycerol_blood_level,0.8052490198375396,40
19,15,low_density_lipoprotein_cholesterol,0.8010042115100481,40
19,15,t_lymphocyte,0.7826163016186032,40
19,15,high_density_lipoprotein_cholesterol,0.7770928961780349,40
19,15,diastolic_blood_pressure,0.7755613330764112,40
19,15,systolic_blood_pressure,0.7709063265887429,40
19,15,blood_pressure,0.7696651647276818,40
19,15,creatinine,0.7615443445292803,40
19,15,obesity,0.7447094058245034,40
19,15,diabetes_mellitus,0.7329144449530618,40
19,15,insulin,0.7289049259225913,40
19,16,anaerobic_growth,0.9296509730790522,38
19,16,anaerobiosis,0.9289945911235251,38
19,16,"waste_disposal,_fluid",0.9275649401651167,38
19,16,anaerobic_digestion,0.8327281483015218,38
19,16,waste_water_treatment_plant,0.8322094313833459,38
19,16,wetland,0.8244857814299227,38
19,16,waste_water_management,0.8213219971327634,38
19,16,sewage,0.8168950961721715,38
19,16,relative_abundance,0.8099224497277194,38
19,16,bioreactors,0.8066786411384337,38
19,16,water_management,0.8027430231719775,38
19,16,bacteria,0.796243109808852,38
19,16,high_throughput_sequencing,0.7881145222287401,38
19,16,microbiology,0.7709229318716033,38
19,16,wastewater_treatment,0.7633319224711947,38
19,17,protected_area,0.9360454782016643,36
19,17,conservation,0.9050284167630117,36
19,17,sustainability,0.8844115562885965,36
19,17,spatiotemporal_analysis,0.86850871369236,36
19,17,environmental_management,0.8562002030448195,36
19,17,pacific_coast_[mexico],0.8429177270799277,36
19,17,spatial_analysis,0.8422359251692388,36
19,17,coral,0.8417966465139322,36
19,17,numerical_model,0.8410454979942801,36
19,17,pacific_coast_[north_america],0.8357394999926095,36
19,17,theoretical_framework,0.8297641933362434,36
19,17,water_quality,0.8257743916235415,36
19,17,decision_making,0.8246337221478364,36
19,17,pacific_ocean,0.8245408004280663,36
19,17,conservation_status,0.8219496411710893,36
19,18,infrared_device,0.9054899726551429,43
19,18,tellurium_compound,0.8987404063335853,43
19,18,co_doping,0.8839537087679787,43
19,18,glass,0.8680476991606733,43
19,18,citrus_fruit,0.8508620224407786,43
19,18,sodium_compound,0.8413732797653486,43
19,18,poly,0.8320207476711481,43
19,18,lithium_ion_battery,0.8292761302036245,43
19,18,zinc_oxide,0.8275868364551925,43
19,18,energy_transfer,0.8232485276870145,43
19,18,ii_vi_semiconductor,0.822648548421672,43
19,18,iron_compound,0.8169904229018622,43
19,18,lithium_compound,0.8143868233069056,43
19,18,bandwidth,0.7973383035394273,43
19,18,zinc_compound,0.7847185558745946,43
19,19,eigenvalue_and_eigenfunctions,0.8884144653491914,37
19,19,lagrange_multiplier,0.8874348265736296,37
19,19,hydrogen_atom,0.8614185677271821,37
19,19,hydrogen,0.836848102333924,37
19,19,ground_state,0.8263154096724571,37
19,19,organic_solvent,0.7953470270816113,37
19,19,electronic_structure,0.7862056005327122,37
19,19,symmetrics,0.7847419673536089,37
19,19,forecasting,0.7782721714742182,37
19,19,ecology,0.7708798457549284,37
19,19,energy,0.7666399879515474,37
19,19,neural_network,0.758695257370076,37
19,19,chemical_reactor,0.7530395394425076,37
19,19,chlorine_compound,0.7378285323194114,37
19,19,biodegradation,0.7340084388680083,37
